{
  "voxel_size": 1.0,
  "global_registration": {
    "fitness": 1.0,
    "inlier_rmse": 0.5512504883045216,
    "correspondence_set_size": 308
  },
  "local_registration": {
    "fitness": 0.9966,
    "inlier_rmse": 0.20573528073802988,
    "correspondence_set_size": 9966
  },
  "final_evaluation": {
    "rmse": 0.20684613813009559,
    "fitness": 1.0
  },
  "transformation_matrix": [
    [
      -3.159274122819359e-05,
      0.9999998757324052,
      -0.0004975309762535219,
      0.019699982358577325
    ],
    [
      -0.0032758202291892635,
      0.0004974248148646337,
      0.9999945107701239,
      -6.399517035840667
    ],
    [
      0.9999946339874652,
      3.322238984533492e-05,
      0.0032758041070974813,
      -0.13979387871546506
    ],
    [
      0.0,
      0.0,
      0.0,
      1.0
    ]
  ]
}