{
  "voxel_size": 1.0,
  "global_registration": {
    "fitness": 1.0,
    "inlier_rmse": 0.5118275529872169,
    "correspondence_set_size": 308
  },
  "local_registration": {
    "fitness": 0.9966,
    "inlier_rmse": 0.20573517493578136,
    "correspondence_set_size": 9966
  },
  "final_evaluation": {
    "rmse": 0.2068460190821871,
    "fitness": 1.0
  },
  "transformation_matrix": [
    [
      -2.9947179414628627e-05,
      0.9999998757869353,
      -0.0004975231468688004,
      0.019675025027861774
    ],
    [
      -0.0032756806868069832,
      0.0004974223804669642,
      0.9999945112284437,
      -6.399509141936742
    ],
    [
      0.9999946344952076,
      3.157674200503552e-05,
      0.0032756653835273783,
      -0.13973237122645002
    ],
    [
      0.0,
      0.0,
      0.0,
      1.0
    ]
  ]
}